Group,ID,Type,Tank,Origin,Fam,Trmt,T0,T7,T11,T14,T18,T21,T25,T28
C1-1-2,11,R,C1,inshore,5,control,5.170377933,5.395392924,4.603934928,5.399432108,6.011946495,6.298858013,6.199822289,6.072718335
C1-1-2,12,R,C1,inshore,5,control,5.740576364,6.004968742,4.682642412,5.182526133,5.501821492,5.748178976,5.554305841,5.633173566
C1-1-2,13,R,C1,inshore,5,control,5.408711761,5.39952253,4.626322388,5.510411338,5.84904267,6.391041267,6.179401492,5.795572437
C1-1-2,14,R,C1,inshore,5,control,5.533259521,5.648544363,4.786749122,5.797631057,5.67660741,6.123730283,6.163846054,6.250873617
C1-1-2,15,R,C1,inshore,5,control,5.123149861,5.085574105,4.349674952,5.370239974,5.351153969,5.997421497,6.138765478,5.958493042
C1-1-2,16,R,C1,inshore,5,control,5.621306631,4.947756679,4.934191798,5.665178768,5.8218974,6.04412677,6.364319341,6.391220467
C1-1-2,17,R,C1,inshore,5,control,5.673812732,5.561822625,4.680467248,5.554971446,5.942392777,5.974648414,5.996950586,6.14437001
C1-1-2,29,A,C1,inshore,5,control,6.079147033,5.985511521,5.809399833,7.042986664,6.509888864,7.221986035,7.195256162,7.149012297
C1-1-2,41,R,C1,inshore,5,control,7.318549252,6.597040425,6.96499391,6.183191025,6.343071531,6.19293376,6.204842226,6.131026146
C1-1-2,42,R,C1,inshore,5,control,7.160287179,7.283155499,7.577808545,7.007752507,7.627133566,7.230445273,6.994249916,6.818456134
C1-1-2,43,R,C1,inshore,5,control,6.717193877,6.791741052,7.068959615,6.533638219,7.299118583,6.690146535,6.361771248,6.10339057
C1-1-2,44,R,C1,inshore,5,control,7.340572285,6.583438666,7.420391785,6.802725483,7.828187782,7.242230439,7.548165672,7.541514146
C1-1-2,45,R,C1,inshore,5,control,6.95883971,6.253290582,6.65786313,6.286989167,6.187835658,5.875188991,6.040789013,5.997977746
C1-3-4,10,R,C1,inshore,5,control,6.889764595,5.371535824,5.406199241,5.112236482,5.806577815,6.401058005,6.028579714,5.92028662
C1-3-4,11,R,C1,inshore,5,control,6.203852121,5.534596353,5.371476014,5.1520119,6.067420461,6.03466255,5.425703901,5.526307043
C1-3-4,12,R,C1,inshore,5,control,6.46145766,5.834049791,5.847941977,5.494149368,6.563357337,6.157769841,5.637482566,5.482562806
C2-1-2,27,A,C2,inshore,5,control,8.216325151,6.689480719,7.068913829,7.404617812,7.320654842,7.1714647,6.59412179,6.405344563
C2-3-4,20,R,C2,inshore,5,control,5.164089462,4.610814062,4.725559197,4.633987705,5.168246243,5.373904944,5.478881845,5.014351328
C2-3-4,21,R,C2,inshore,5,control,5.46179255,4.9144518,4.689530397,4.652031303,4.797710862,5.264706379,4.745017592,5.161823182
C2-3-4,39,R,C2,inshore,5,control,5.658052972,5.378806166,5.130771779,5.244550326,5.27410308,5.406281659,4.919118139,4.953077079
C2-3-4,40,R,C2,inshore,5,control,5.360757914,5.310222816,4.934142977,4.972906237,5.656182606,5.610235283,5.278378929,4.841374912
C2-3-4,41,R,C2,inshore,5,control,5.187377921,5.5875381,5.169620641,5.448561065,5.828335674,5.996613875,5.416873153,5.1587031
C2-3-4,42,R,C2,inshore,5,control,6.151402458,5.458208405,5.046984431,5.537733949,5.468987038,5.737642575,5.322642625,5.045458187
C2-3-4,43,R,C2,inshore,5,control,5.935814798,5.585817782,5.480118061,5.539399991,5.847723786,6.272878686,5.621634142,5.260340685
C2-3-4,44,R,C2,inshore,5,control,5.798071217,5.373989275,5.02214904,5.215592939,5.510214633,5.587843913,5.255272028,4.95561159
C2-3-4,45,R,C2,inshore,5,control,5.751350328,5.535813868,5.114593924,5.313492707,5.701830097,5.537492739,5.505584518,5.086598084
C2-3-4,46,R,C2,inshore,5,control,6.060235343,5.627028959,5.186935714,5.378230316,5.312173608,5.57407969,5.656956792,5.085018606
C2-3-4,47,R,C2,inshore,5,control,5.4586046,5.220269292,4.949697196,5.077509839,5.389540347,5.891990098,5.643563621,5.276502787
C2-3-4,51,R,C2,inshore,5,control,5.218140052,4.886068821,4.905419031,4.920267262,4.9462137,5.121624986,4.763256945,4.909733259
C3-1-2,16,R,C3,inshore,5,control,6.905535105,5.565744262,5.558120116,5.642740374,6.101715905,5.935244453,5.80837402,5.379502872
C3-1-2,17,R,C3,inshore,5,control,6.590343995,5.355961475,5.792988591,5.53430575,6.573815374,6.3073223,5.986135954,5.564266784
C3-1-2,18,R,C3,inshore,5,control,6.628863595,5.400917353,5.637130063,5.687272907,6.347062335,6.208463091,5.990191225,5.802219779
C3-1-2,19,R,C3,inshore,5,control,6.569849809,5.164737832,5.249799492,5.309060477,6.060033626,5.79182948,5.681637978,5.48836226
C3-1-2,20,R,C3,inshore,5,control,6.231628104,4.987153632,5.163241917,5.252243107,6.111174438,5.994793922,5.653533185,5.278541468
C3-1-2,31,R,C3,inshore,5,control,6.902560181,6.224801731,6.77661633,NA,6.958875149,7.483259222,6.637388495,5.816493971
C3-1-2,32,R,C3,inshore,5,control,6.399392453,6.351894649,6.557747428,7.374200219,6.742985311,6.939189955,6.885765844,6.31718459
C3-1-2,33,R,C3,inshore,5,control,5.791496404,7.052999152,5.956891129,NA,6.079292114,6.015100025,5.984358606,5.798280517
C3-1-2,45,A,C3,inshore,5,control,6.061885077,6.683860931,6.972397098,6.740850048,6.495243515,6.867308553,6.850403164,6.626082632
C3-3-4,31,R,C3,inshore,5,control,5.857745423,5.498887699,5.348172929,5.427426214,5.796979683,5.573806459,5.832155036,6.115294838
C3-3-4,32,R,C3,inshore,5,control,5.654436867,4.869722351,4.510968836,4.527973271,4.756437516,4.615726087,4.803468091,5.043368984
C3-3-4,33,R,C3,inshore,5,control,5.320665752,3.861188264,4.229576081,4.433068641,4.623205433,4.727444828,4.912149285,5.05585163
C3-3-4,34,R,C3,inshore,5,control,5.481675213,5.102644639,4.748047431,4.882554793,5.493566782,5.601767212,5.492730161,5.40006487
C3-3-4,35,R,C3,inshore,5,control,5.497961025,4.768031296,4.65677672,4.256149284,4.475731438,4.519458251,4.540358406,4.54419139
C3-3-4,46,R,C3,inshore,5,control,5.982188714,5.383279094,4.945021851,4.786137451,5.389159515,5.05073508,5.083621501,4.899977442
H1-3-4,16,A,H1,inshore,5,heat,6.777580993,6.088307901,6.646983722,6.733747401,6.955006311,5.859690506,5.583817406,5.676430282
H1-3-4,42,R,H1,inshore,5,heat,6.267750118,6.051569887,6.012116518,5.942002727,6.291624956,6.041947862,5.955149595,5.900184054
H1-3-4,43,R,H1,inshore,5,heat,6.34899972,6.16573073,6.365615462,6.243356397,5.460402114,5.167540079,4.783683098,5.108412427
H1-3-4,44,R,H1,inshore,5,heat,6.03994786,5.397837161,5.266652327,5.298228995,5.504529518,5.328329783,4.866789383,4.90734813
H1-3-4,45,R,H1,inshore,5,heat,6.231617576,6.089093095,6.016625535,5.823406509,6.018830793,5.755067175,5.207956525,5.111182998
H1-3-4,46,R,H1,inshore,5,heat,6.159780327,5.860623387,5.484282222,5.550070846,5.823440436,5.273304816,4.862704692,4.84869838
H1-3-4,47,R,H1,inshore,5,heat,5.988996697,5.919646579,5.642656453,5.880803396,6.303054677,5.31797705,4.84132687,5.053684654
H1-3-4,48,R,H1,inshore,5,heat,5.950763878,5.963201623,4.96418907,5.10146254,5.710264496,5.33405602,5.590581373,5.650580792
H1-3-4,54,R,H1,inshore,5,heat,6.476649884,6.353235753,5.227268259,5.246195555,5.512486919,5.227494919,4.850259745,4.841502092
H1-3-4,55,R,H1,inshore,5,heat,5.908524976,6.330699625,5.091319405,4.995474425,5.445680923,4.772505563,4.403768653,4.379248509
H2-1-2,1,A,H2,inshore,5,heat,5.154069678,5.958337095,6.026117145,6.388480833,6.733937149,5.764414996,5.445477307,5.389596803
H2-1-2,11,R,H2,inshore,5,heat,4.537243989,5.258729343,4.997505201,5.116190207,5.74508441,5.088827205,5.147321288,5.241112049
H2-1-2,12,R,H2,inshore,5,heat,4.189166783,4.886747088,4.759303561,4.897434759,5.51869737,4.674440888,4.778913685,4.820475696
H2-1-2,13,R,H2,inshore,5,heat,4.180982644,5.037468545,4.909708628,5.243286284,5.669763577,5.14101288,4.852553005,5.11470376
H2-1-2,14,R,H2,inshore,5,heat,4.499553872,4.992915661,5.189342359,5.464220905,5.740202176,5.263123797,4.980138227,5.127601826
H2-1-2,15,R,H2,inshore,5,heat,3.424703522,4.58759229,4.473915372,5.224545396,5.768646493,5.040346179,4.936250036,4.840511173
H2-1-2,16,R,H2,inshore,5,heat,4.566426909,5.208292734,5.256554418,5.277516064,5.948333908,5.170863798,5.129526877,5.238177377
H2-1-2,17,R,H2,inshore,5,heat,4.515814465,5.461423717,5.17625508,4.990636314,5.153520464,4.848131912,4.732423149,4.955289466
H2-3-4,14,R,H2,inshore,5,heat,6.726437176,6.198548814,4.985157168,5.04787817,5.708025588,5.362750703,5.205277094,5.041545576
H2-3-4,15,R,H2,inshore,5,heat,6.625470267,6.014125555,5.078895766,5.023975907,5.412093251,5.110244121,5.037146723,4.9562909
H2-3-4,16,R,H2,inshore,5,heat,6.456741211,5.836195164,5.211032789,4.973662304,5.129596026,4.933769632,4.819561419,4.857645437
H3-1-2,6,R,H3,inshore,5,heat,6.326954213,5.523331762,5.717020523,6.061487628,5.702444784,5.519740597,5.210285662,4.796858752
H3-1-2,7,R,H3,inshore,5,heat,6.861556952,6.041015245,5.980649084,6.274374926,5.969102963,5.722443711,5.552325602,5.410409352
H3-1-2,8,R,H3,inshore,5,heat,6.297483436,5.586978603,5.595667693,6.130248807,5.809900009,5.720561899,5.385174048,5.052812142
H3-1-2,9,R,H3,inshore,5,heat,6.51378043,5.941003604,6.312795895,6.740443648,6.246117456,5.904411387,5.718541539,5.234976199
H3-1-2,23,A,H3,inshore,5,heat,5.734620073,5.25757947,6.049155994,6.2460198,6.592591458,6.310338368,5.534764793,5.586809177
H3-3-4,1,R,H3,inshore,5,heat,7.311397731,6.929959837,6.629128237,6.827563909,6.20963839,5.809144505,5.677664677,5.420998278
H3-3-4,2,R,H3,inshore,5,heat,7.097921681,6.558003002,6.387230352,6.432914988,6.064898058,5.866386146,5.876314398,5.347472388
H3-3-4,3,R,H3,inshore,5,heat,7.212134102,6.627850503,6.364278798,6.531832388,5.995300696,5.72357751,5.804373772,5.610184585
H3-3-4,49,R,H3,inshore,5,heat,6.01715542,5.842929904,5.262721342,5.247809773,5.301626227,5.143883842,4.994517211,4.510206394
H3-3-4,50,R,H3,inshore,5,heat,5.974877191,5.618989495,5.293333889,5.172408092,5.35464385,5.168019105,5.004041903,4.77167424
H3-3-4,51,R,H3,inshore,5,heat,5.682286198,5.573760152,5.001478931,4.817189203,5.193231367,4.885006245,4.709366846,4.319529616
H3-3-4,52,R,H3,inshore,5,heat,5.735841136,5.568007988,5.234525575,4.848245964,5.131291446,4.888349825,4.738806801,4.319233419
C1-1-2,49,R,C1,inshore,11,control,6.884417047,6.289086828,7.037765648,6.595386124,NA,NA,NA,NA
C1-1-2,50,R,C1,inshore,11,control,7.234001056,6.020635346,7.159307217,6.804994997,6.62843625,5.998004828,6.6060405,5.874233986
C1-3-4,13,R,C1,inshore,11,control,6.82278893,5.687088909,4.989187437,5.063464244,5.636454355,5.359846355,5.127800121,5.477456631
C1-3-4,14,R,C1,inshore,11,control,6.208689992,5.959709601,4.671307533,4.961184598,5.952112339,5.111614917,4.960505348,5.483005073
C1-3-4,17,R,C1,inshore,11,control,6.57707834,5.97622206,5.718583383,5.402028811,5.644130901,5.453491734,5.191183904,4.914732051
C1-3-4,18,R,C1,inshore,11,control,6.536866311,5.13846247,6.053408556,4.778794507,5.399001186,5.440599676,NA,NA
C1-3-4,19,R,C1,inshore,11,control,6.939874287,5.495503107,6.04004386,5.454244809,5.702464656,5.779115067,5.480329198,4.936724788
C1-3-4,20,R,C1,inshore,11,control,7.003698678,4.701377689,NA,NA,NA,NA,NA,NA
C1-3-4,35,A,C1,inshore,11,control,6.089747423,5.498741034,6.202967196,6.116301367,6.135278297,5.688453605,4.716127379,4.392811982
C2-1-2,45,R,C2,inshore,11,control,7.751705742,6.863223043,6.168311071,6.919818362,6.002533464,7.686455648,NA,NA
C2-1-2,46,R,C2,inshore,11,control,8.19674173,6.534592799,6.45737953,6.948277676,7.274914394,7.399497341,6.927231308,6.850042186
C2-1-2,47,R,C2,inshore,11,control,8.445080079,6.856741422,6.772287466,7.218513724,7.053287814,7.069817272,6.736032438,6.207459182
C2-3-4,22,A,C2,inshore,11,control,6.875090761,5.704821719,6.531857608,6.331196127,6.258423551,6.288546442,5.949792748,6.129969943
C3-1-2,7,A,C3,inshore,11,control,5.568317657,4.97643208,5.79233675,5.600453081,6.113368242,5.923322743,5.745969861,5.650329188
C3-1-2,26,R,C3,inshore,11,control,6.829239918,5.218379525,5.925895467,5.648952592,6.282039417,5.79501963,5.992906494,5.597536171
C3-1-2,27,R,C3,inshore,11,control,6.841245588,5.20609724,6.00178344,5.996452931,6.666962142,6.213957239,6.224868009,5.84216401
C3-1-2,40,R,C3,inshore,11,control,6.496821392,6.994292399,6.323050205,6.004360724,6.078119649,NA,NA,NA
C3-1-2,42,R,C3,inshore,11,control,6.16683594,5.989749614,5.674006379,5.768966783,5.900569408,5.732533168,5.203707532,5.375146528
H1-1-2,2,R,H1,inshore,11,heat,6.193953175,5.287207147,NA,NA,NA,NA,NA,NA
H1-3-4,4,A,H1,inshore,11,heat,6.902577136,6.931054788,5.582187495,5.232762911,4.907187711,4.816326811,3.876560012,4.623069616
H1-3-4,9,R,H1,inshore,11,heat,6.830769288,6.50667945,6.148210056,6.194411314,7.036262753,5.858738363,5.430600987,5.51237206
H1-3-4,10,R,H1,inshore,11,heat,6.274590441,4.984476968,4.712258723,5.720807281,4.911363688,5.02239967,5.073442425,6.302441919
H1-3-4,11,R,H1,inshore,11,heat,6.771320971,4.866015917,NA,4.63638599,NA,NA,NA,NA
H2-1-2,21,R,H2,inshore,11,heat,4.535664594,4.80473448,4.83759706,4.675025006,4.93834841,4.775891264,4.686706283,4.457699486
H2-1-2,42,A,H2,inshore,11,heat,6.023110885,5.985061289,5.224295176,4.485169397,3.930885715,4.214418177,3.310769712,3.735876166
H2-1-2,45,R,H2,inshore,11,heat,8.142826566,7.607802072,6.507956168,6.201271408,6.686037189,5.241468219,4.670704779,4.815588716
H2-3-4,37,R,H2,inshore,11,heat,6.268749491,5.231122654,4.75987373,4.826542275,5.0376648,4.242854808,3.896100809,3.919705951
H2-3-4,38,R,H2,inshore,11,heat,6.235604597,5.292177158,4.792498124,4.69591352,4.893288931,NA,NA,NA
H2-3-4,39,R,H2,inshore,11,heat,6.285620541,5.527543968,4.847252076,5.068992278,5.490257972,4.921614172,4.741287183,4.62184141
H3-1-2,11,R,H3,inshore,11,heat,6.506555107,5.961769019,6.11788971,6.277322367,6.251904809,5.99030013,5.372615191,5.227672452
H3-1-2,12,R,H3,inshore,11,heat,6.541293607,6.001577839,5.583624267,5.728613378,5.754294046,6.00791105,NA,NA
H3-1-2,34,R,H3,inshore,11,heat,7.567751378,6.498955972,6.587872773,6.969728318,7.288151656,6.71497782,6.331042072,6.25683824
H3-1-2,35,R,H3,inshore,11,heat,7.366474399,6.638105431,6.33546565,6.710743567,6.916203456,6.262090289,6.236349205,6.03392852
H3-1-2,36,R,H3,inshore,11,heat,7.245431378,6.6573701,6.393742941,6.83525219,7.077334888,6.487603888,6.171104953,6.085279668
H3-3-4,21,A,H3,inshore,11,heat,6.233884509,4.783182909,3.415114627,2.891089214,3.344078229,3.565387752,2.888279952,3.063979195
C1-1-2,53,R,C1,inshore,17,control,8.784979496,7.437783879,7.313362007,6.522975786,NA,NA,NA,NA
C1-1-2,54,R,C1,inshore,17,control,8.351910471,7.606869218,7.728288583,6.696272437,6.19955755,5.562787336,6.14977734,6.206377825
C1-1-2,55,R,C1,inshore,17,control,8.372465302,7.572701925,7.878087716,6.709418489,6.44247001,5.674879051,6.151036866,5.809340086
C1-3-4,1,R,C1,inshore,17,control,6.794249929,6.153153054,6.146212001,5.980623389,6.995402957,6.471924778,5.901735319,6.462867943
C1-3-4,2,R,C1,inshore,17,control,7.403422228,6.482328917,6.424122723,6.235676798,5.775551774,5.579129981,6.795561903,5.743178748
C1-3-4,3,R,C1,inshore,17,control,6.856298955,6.004086834,5.805308182,6.001802507,6.613734671,7.039412612,6.784229651,6.831035204
C1-3-4,4,R,C1,inshore,17,control,6.919324431,5.797185727,6.298011626,6.482163856,6.54136723,6.525233043,6.271281982,6.279367301
C1-3-4,5,R,C1,inshore,17,control,6.349742783,6.096597883,6.220654604,6.12285064,6.865141562,6.224998365,6.264021657,6.4157866
C1-3-4,42,A,C1,inshore,17,control,6.850542088,6.652036857,6.551069685,6.540892276,6.622771345,6.807257724,6.563342372,6.227894715
C2-1-2,14,R,C2,inshore,17,control,6.009369728,5.787187619,5.222327821,5.693362478,6.042058914,5.779556779,5.724393473,5.856135183
C2-1-2,15,R,C2,inshore,17,control,6.550626353,6.165466736,5.538934966,5.94800206,6.002223239,6.043586272,5.76538293,5.603238953
C2-3-4,1,R,C2,inshore,17,control,7.134472922,6.173567326,5.913813574,5.762049877,6.043042298,6.395142223,6.574006655,6.294891971
C2-3-4,2,R,C2,inshore,17,control,6.792520173,6.035383887,5.923516785,5.790632961,5.899715013,6.092864507,6.23186973,5.927206081
C2-3-4,12,R,C2,inshore,17,control,5.977203972,5.522517133,5.19974733,4.931749239,5.31504742,5.421109957,5.438628033,5.533007057
C2-3-4,13,R,C2,inshore,17,control,5.933213333,5.598717568,5.48216399,4.866573063,5.434877149,5.444180077,5.439692732,5.530343818
C2-3-4,14,R,C2,inshore,17,control,5.725909066,5.500733703,5.559298374,4.65047146,5.401621471,5.338018092,5.39980747,5.104146184
C2-3-4,15,R,C2,inshore,17,control,6.445084783,6.288387621,5.344804191,5.277655141,5.865990946,5.637101484,6.090715214,5.635323109
C2-3-4,23,A,C2,inshore,17,control,7.164059037,6.845957521,6.792015566,6.706668797,6.912256708,7.085589485,7.013727337,7.461443363
C3-1-2,15,A,C3,inshore,17,control,7.068395118,6.321658969,6.762344239,6.692814711,7.537554754,7.295784422,7.133060698,6.916685971
C3-3-4,20,R,C3,inshore,17,control,6.863988527,5.881048591,5.462142193,5.460371928,6.057105195,5.798652334,5.863642893,5.743978867
C3-3-4,21,R,C3,inshore,17,control,5.947009279,5.362395885,5.059676046,5.255225872,5.858159727,5.510345906,5.445059302,5.31012142
C3-3-4,22,R,C3,inshore,17,control,6.228709812,5.292430173,5.479079472,5.435771879,5.740252744,5.81820415,5.61659076,5.418104858
C3-3-4,40,R,C3,inshore,17,control,6.07958759,4.883319974,5.024278834,4.815215216,5.619125509,5.425338986,5.448296055,5.640124237
C3-3-4,41,R,C3,inshore,17,control,5.871571676,5.146039593,4.831614434,4.874742698,5.640878043,5.417564116,5.440342946,5.309877539
C3-3-4,42,R,C3,inshore,17,control,5.859249052,4.85874146,4.770850747,5.012280908,5.055682749,4.849617488,5.194135795,5.368376477
C3-3-4,52,R,C3,inshore,17,control,5.74537225,5.866107734,5.297987383,5.393950392,5.634061752,5.434867013,5.323571704,5.248637042
C3-3-4,53,R,C3,inshore,17,control,6.082489138,5.89327346,5.311701949,5.28164086,5.710605341,5.574166766,5.497333946,5.63423359
C3-3-4,54,R,C3,inshore,17,control,5.991753076,5.787315369,5.246897711,5.423447365,5.513975849,5.458191623,5.3320902,5.243116876
H1-1-2,1,R,H1,inshore,17,heat,6.180253614,6.271676445,5.075998437,5.888571357,5.908972043,5.868831184,4.90613925,5.579679173
H1-1-2,26,R,H1,inshore,17,heat,6.454493268,6.455412784,5.437571712,6.270765739,6.251594211,6.244379231,5.219226617,5.808620767
H1-1-2,27,R,H1,inshore,17,heat,6.102457144,6.027793384,5.351946452,6.134511188,5.918859682,6.030141118,5.050530358,5.589416831
H1-1-2,28,R,H1,inshore,17,heat,6.476675199,6.503156368,5.703347868,6.37883854,6.693230569,6.422104266,5.642869852,6.224177125
H1-1-2,29,R,H1,inshore,17,heat,6.280764381,5.763147811,5.595090221,6.320935853,6.501610207,6.31631806,5.376061687,6.021250006
H1-1-2,30,R,H1,inshore,17,heat,6.280622417,6.283331996,5.649182716,6.344353458,6.546362967,6.438905192,5.514933572,6.144605528
H1-3-4,5,A,H1,inshore,17,heat,7.94659991,7.707774685,7.963165874,8.094546539,7.932750852,6.879237399,6.408807644,6.26325696
H1-3-4,17,R,H1,inshore,17,heat,7.421137485,7.158479454,6.639016749,6.268444311,6.697766089,5.944193205,5.693201327,5.315881275
H1-3-4,18,R,H1,inshore,17,heat,6.940297779,6.459955593,6.003437516,5.763903131,6.137565427,5.661406706,5.564111199,5.213687113
H2-1-2,23,A,H2,inshore,17,heat,5.658901876,6.16899629,6.209996711,6.711914814,7.016965171,6.480421452,6.12736194,6.142467036
H2-1-2,32,R,H2,inshore,17,heat,6.85935859,6.635734207,6.207242135,6.197731421,6.29992013,6.993263766,5.746391066,6.234182726
H2-1-2,33,R,H2,inshore,17,heat,6.239396519,6.694878459,6.278639117,6.203556716,6.232636046,5.871493893,5.336144845,5.65211811
H2-1-2,34,R,H2,inshore,17,heat,5.553401924,6.557119307,6.36705848,5.482564444,6.400604228,6.004616218,5.736585547,5.961622676
H2-1-2,35,R,H2,inshore,17,heat,5.982613327,6.234475138,6.039135097,5.979014002,5.731272808,5.738655931,5.076987066,5.386134351
H2-1-2,36,R,H2,inshore,17,heat,6.311028815,6.37236352,6.3577094,6.131412679,6.013156009,5.724762786,5.106153269,5.446451928
H2-1-2,37,R,H2,inshore,17,heat,6.353631888,6.599635968,6.455213246,6.170128485,6.021304322,5.965414801,5.386549385,5.630252988
H2-3-4,11,R,H2,inshore,17,heat,6.531004685,6.04095701,5.328464032,5.477634695,5.359272468,5.485042321,6.204422577,5.303558639
H2-3-4,12,R,H2,inshore,17,heat,6.152444227,5.903359802,5.328292034,5.469315123,5.259468777,5.331137359,6.006110755,5.1445329
H3-1-2,10,A,H3,inshore,17,heat,7.143747946,6.144988635,7.055666637,7.110415854,6.583036122,6.13086794,5.768884924,5.189996094
H3-1-2,25,R,H3,inshore,17,heat,6.86636197,6.279868165,6.493379248,6.380818575,6.258402888,6.105871795,5.581077828,5.251445434
H3-1-2,50,R,H3,inshore,17,heat,6.33775191,5.974607572,6.008763502,6.395702249,6.56819646,5.960344411,5.779757706,5.760707148
H3-1-2,51,R,H3,inshore,17,heat,6.769564296,6.149264459,6.155180934,6.738218101,6.75809088,6.101026864,5.590569085,5.957878925
H3-1-2,52,R,H3,inshore,17,heat,6.170697267,5.854345043,5.893827736,6.37474493,6.452180152,5.745538057,5.526468085,5.394845811
H3-3-4,35,R,H3,inshore,17,heat,5.381888254,5.408089951,4.976352091,4.760130541,4.721050081,4.617058709,4.293232296,4.210306995
H3-3-4,36,R,H3,inshore,17,heat,5.810478617,5.562452816,5.153199009,5.111596579,5.063931783,4.904491243,4.558034458,4.463777524
H3-3-4,37,R,H3,inshore,17,heat,5.882136632,5.607524566,5.088137757,5.145946659,5.138222818,5.028818592,4.782140211,4.651973653
H3-3-4,54,R,H3,inshore,17,heat,6.071954944,5.343988782,5.239512581,4.927400497,5.141946587,5.183891499,4.67016605,4.52797821
C1-1-2,24,R,C1,inshore,19,control,5.267336,5.115366267,4.411483083,5.331820038,5.212948155,5.640518207,5.704617978,5.336966931
C1-1-2,25,R,C1,inshore,19,control,5.466221706,5.211920402,4.935865001,5.253190745,5.512254549,5.964352799,5.404027968,5.593591233
C1-1-2,34,R,C1,inshore,19,control,7.057209259,6.488063458,6.678630738,6.135959444,6.264225963,5.795762272,6.120099767,6.047165095
C1-1-2,35,R,C1,inshore,19,control,6.941069401,6.300733843,5.686551934,5.222415891,5.314435868,5.028627495,4.931697974,4.951762428
C1-1-2,51,R,C1,inshore,19,control,8.204837112,7.241332127,7.494865786,7.099603586,7.244469219,6.725880979,7.035223859,6.847920828
C1-1-2,52,R,C1,inshore,19,control,8.076192221,7.333286533,7.350599007,6.82323675,6.894277682,6.367702857,6.611472204,6.407024038
C1-3-4,9,A,C1,inshore,19,control,8.109884559,7.130071389,7.10418171,7.274644572,6.65418314,6.966753078,6.872403536,7.510451289
C1-3-4,32,R,C1,inshore,19,control,6.231748815,5.476463883,5.017058922,5.038419876,5.248583653,5.178937506,5.367501473,5.244872841
C1-3-4,33,R,C1,inshore,19,control,6.269150512,5.315122173,4.952713583,4.644036966,5.159991236,5.193674941,4.947727856,4.726898688
C1-3-4,34,R,C1,inshore,19,control,5.955045167,4.950901925,4.881665604,4.70440247,5.042217134,5.178246689,5.081931644,4.851588742
C1-3-4,44,R,C1,inshore,19,control,6.268537997,4.945202252,4.880832303,4.813280026,4.856075545,4.872406542,4.920923078,4.718002672
C1-3-4,45,R,C1,inshore,19,control,6.502633571,5.025109426,5.169371876,5.111661335,5.332806041,5.556046966,5.356347807,5.326869312
C2-1-2,2,A,C2,inshore,19,control,7.145599145,6.711413045,6.455526761,6.909992988,6.59883705,7.129297225,6.484288401,6.513862358
C2-3-4,3,R,C2,inshore,19,control,5.725563703,5.165667963,4.824843105,4.566956579,4.335566239,4.279237644,4.655582877,4.450301297
C2-3-4,4,R,C2,inshore,19,control,5.667974387,4.670219638,5.417516859,5.067497807,5.171212712,5.134606681,5.786784603,5.378300734
C2-3-4,5,R,C2,inshore,19,control,5.942279118,5.036921238,5.055550248,4.866615221,4.566443388,4.674111326,5.477039097,4.978139236
C2-3-4,31,R,C2,inshore,19,control,5.358302721,4.992269794,4.564803654,4.579879131,4.583299434,4.532508414,4.332320611,4.349349091
C2-3-4,32,R,C2,inshore,19,control,5.407478804,5.16315473,4.677278263,4.601855011,4.89440064,4.914691075,4.605004112,4.70252776
C2-3-4,33,R,C2,inshore,19,control,5.389967497,5.138649754,4.943057305,5.256569624,5.236218263,5.044294368,5.021480236,5.231175436
C2-3-4,34,R,C2,inshore,19,control,5.610682178,4.616552313,4.363515924,4.386459654,4.490667341,4.527449768,4.226242276,4.168186616
C3-1-2,23,R,C3,inshore,19,control,6.187765135,5.498123836,5.707871926,5.611574581,6.012165538,5.878495226,5.687068515,5.765979911
C3-1-2,24,R,C3,inshore,19,control,6.285805803,5.370245569,5.932276644,6.054387104,6.552884324,6.449922013,6.075422448,6.218506468
C3-1-2,25,R,C3,inshore,19,control,5.792017671,5.36725982,5.358073654,5.409712378,5.530931212,5.21714165,5.219019687,5.286229771
C3-3-4,12,R,C3,inshore,19,control,5.791413751,4.677630255,4.922445096,5.034611934,5.284190618,5.483047927,5.294143401,4.825905901
C3-3-4,13,R,C3,inshore,19,control,5.46785428,4.798137999,4.930805441,4.69165317,5.280339284,5.242171219,4.977090376,4.740451074
C3-3-4,14,R,C3,inshore,19,control,5.24715952,4.353173877,4.573259905,4.563540659,4.667856836,4.590085041,4.277248721,4.016585851
C3-3-4,23,A,C3,inshore,19,control,7.165305394,6.657361799,6.954600968,7.326698554,6.698138331,7.215192397,7.039928293,6.885186256
C3-3-4,37,R,C3,inshore,19,control,5.849577226,5.661953187,5.465204076,5.331831445,5.574987235,5.813853812,5.498841645,5.457514188
C3-3-4,38,R,C3,inshore,19,control,5.369102375,4.69927512,4.584519135,4.589757735,4.703321506,4.577382702,4.440211202,4.460512967
C3-3-4,39,R,C3,inshore,19,control,5.623149019,5.179085347,5.000113224,4.957898247,5.318687266,5.09178182,4.959010227,4.933468918
C3-3-4,43,R,C3,inshore,19,control,5.627626717,5.320715604,5.146971751,5.15473528,5.208509195,5.179973237,5.114453934,4.94817701
C3-3-4,44,R,C3,inshore,19,control,5.290438185,5.010485364,4.929442415,4.717882829,4.710696509,4.87461903,4.686795278,4.605259865
C3-3-4,45,R,C3,inshore,19,control,5.668212567,5.317422788,4.934493105,4.816549059,5.028268597,5.044370358,5.110345456,4.893345833
H1-1-2,3,A,H1,inshore,19,heat,6.673378652,6.814118314,6.589958622,7.678436257,7.532382138,7.139423133,6.23636347,6.885970675
H1-1-2,31,R,H1,inshore,19,heat,7.048920802,6.456615853,5.616131998,5.63033881,6.314200273,5.657432572,5.20597301,5.052953086
H1-1-2,32,R,H1,inshore,19,heat,7.051894437,6.657376607,5.904677576,6.148099675,6.668701023,5.878837478,5.385697303,5.335824392
H1-1-2,33,R,H1,inshore,19,heat,6.938085314,6.598975056,5.939565972,5.994845532,6.37535707,5.742271505,5.139373415,4.952080798
H1-3-4,1,R,H1,inshore,19,heat,6.874195453,6.766148785,5.675880273,5.612684881,6.31315855,5.770704799,5.628123485,5.407453247
H1-3-4,2,R,H1,inshore,19,heat,6.63679617,6.465284139,5.698061384,5.446741089,5.979632647,5.173076315,5.149767802,4.70824458
H1-3-4,3,R,H1,inshore,19,heat,6.582513464,6.388923001,5.806806155,5.534644014,6.029380665,5.445032187,5.395595502,5.280539786
H1-3-4,50,R,H1,inshore,19,heat,6.232978867,5.817734435,5.529651711,5.568642781,5.562112163,5.539214582,5.093737873,5.371832562
H1-3-4,51,R,H1,inshore,19,heat,6.626936366,6.014786782,5.949469115,5.634324993,5.75988974,5.588968377,4.974900085,4.897561178
H1-3-4,52,R,H1,inshore,19,heat,6.443356606,5.878644888,5.814438025,5.507403425,5.465176554,5.39852359,5.123552301,4.788357502
H1-3-4,53,R,H1,inshore,19,heat,6.138505299,5.699762063,5.485279792,5.44624412,5.910031423,5.744714442,5.488349572,5.433936531
H2-1-2,22,A,H2,inshore,19,heat,5.469709453,6.12228604,6.226032464,6.682121607,6.317272728,5.727784095,4.953938946,5.226752686
H2-1-2,30,R,H2,inshore,19,heat,6.395607787,6.036064052,5.614722155,5.583655716,5.458909417,5.270310712,4.98080953,5.377547473
H2-1-2,31,R,H2,inshore,19,heat,5.760055948,5.488559729,5.402912579,5.236109659,5.315708878,5.06426969,4.709634775,5.175860576
H2-3-4,40,R,H2,inshore,19,heat,6.057973348,5.440124162,5.129590656,4.957929397,4.850073874,4.786899801,4.592484615,4.370472383
H2-3-4,41,R,H2,inshore,19,heat,5.711967532,5.300275072,4.947051276,4.74312188,4.921021724,4.651783298,4.49867679,4.198654892
H2-3-4,42,R,H2,inshore,19,heat,5.708794879,5.19315662,4.855938813,4.876139492,4.893138618,4.748013593,4.480586916,4.22485197
H2-3-4,43,R,H2,inshore,19,heat,5.810805008,5.351160103,4.907626858,4.806786809,4.843572826,4.659584667,4.49031881,4.193622902
H2-3-4,48,R,H2,inshore,19,heat,5.491038899,4.921518689,4.285208453,4.348846758,4.5963827,4.334983353,4.022310117,3.912983827
H2-3-4,49,R,H2,inshore,19,heat,5.391007013,4.927658038,4.518060151,4.515042936,4.787092626,4.196086804,3.973536154,3.86685085
H2-3-4,50,R,H2,inshore,19,heat,5.325650358,4.704946573,4.351125451,4.395145077,4.375610126,4.126437464,4.017463252,4.029295779
H3-1-2,41,R,H3,inshore,19,heat,6.778251137,6.339880802,6.052897474,6.238777936,6.349161695,5.962618151,5.983532655,5.762328764
H3-1-2,42,R,H3,inshore,19,heat,5.555888453,5.334482288,4.957258858,5.308434854,5.244260447,4.837406575,4.682511011,4.386991175
H3-1-2,43,R,H3,inshore,19,heat,7.072458228,6.549903467,6.428547433,6.483833737,6.506561486,5.944469577,5.935082391,5.735800802
H3-1-2,44,R,H3,inshore,19,heat,6.504567903,6.266693948,6.369418136,6.479275946,6.704967402,6.290532701,6.019288871,6.027608378
H3-1-2,45,R,H3,inshore,19,heat,6.478984677,5.898162721,5.596349433,5.880884865,5.658891915,5.253418188,4.986143176,4.82100193
H3-1-2,48,A,H3,inshore,19,heat,8.437199197,7.669410518,8.094519646,8.108395098,8.07060835,7.477645107,7.252661489,6.457641325
H3-3-4,22,R,H3,inshore,19,heat,6.780943473,5.613216635,5.381695783,5.444095999,5.170114437,5.233537064,5.259028932,5.233297728
H3-3-4,23,R,H3,inshore,19,heat,6.604110195,5.417679202,4.972636289,5.332087242,5.088356351,5.098528735,4.899643073,5.100074911
H3-3-4,24,R,H3,inshore,19,heat,6.76599468,5.718276879,5.306649949,5.732815878,5.531489928,5.476607211,5.390298761,5.536468213
H3-3-4,25,R,H3,inshore,19,heat,6.588022012,5.981438785,5.946640111,5.932869553,5.937269884,5.900581427,5.777286977,5.95998496
H3-3-4,26,R,H3,inshore,19,heat,6.526039214,6.083431252,5.588436662,5.890489061,5.532559438,5.48507724,5.366622602,5.358482223
C1-1-2,20,R,C1,inshore,20,control,5.209037778,5.32341978,4.770887155,5.758860255,5.756980596,6.135423647,6.026896519,6.125587532
C1-1-2,21,R,C1,inshore,20,control,5.502379628,5.291956111,5.328766604,6.239477861,5.938560882,6.454246798,6.445522843,6.529480375
C1-1-2,22,R,C1,inshore,20,control,5.49463395,5.796653031,5.164692287,5.94067953,6.118820936,6.677886647,6.495341363,6.498211027
C1-1-2,23,R,C1,inshore,20,control,5.239335032,5.423120282,4.861675167,5.533287865,5.562648795,6.040717626,6.049304574,6.368542364
C1-1-2,26,A,C1,inshore,20,control,6.99239446,6.671736334,6.848905279,7.263459787,6.75986364,7.413125378,7.249060621,7.269521603
C1-3-4,29,R,C1,inshore,20,control,6.934770111,5.398740099,5.706342821,5.545117002,5.937798778,5.590163368,5.394511397,5.660112945
C1-3-4,30,R,C1,inshore,20,control,6.603975128,5.679451896,5.399745884,4.241352851,4.375701573,NA,NA,NA
C1-3-4,36,R,C1,inshore,20,control,6.445746241,6.035143546,5.744385885,5.560236865,6.122625677,6.188106369,5.811453359,5.148037523
C1-3-4,37,R,C1,inshore,20,control,6.631146874,5.682061873,5.485301695,5.440679841,5.651926545,5.719617139,5.086860844,4.391949117
C1-3-4,38,R,C1,inshore,20,control,6.38131732,5.368430875,5.84583124,5.335324237,5.615341091,6.015670708,5.173103868,5.879443132
C2-1-2,6,A,C2,inshore,20,control,7.630856981,6.824814322,6.330452829,6.758019152,6.607105918,6.760609631,6.213285068,5.775798859
C2-1-2,7,R,C2,inshore,20,control,5.88965253,5.731629128,5.055355646,5.707443929,5.587524527,5.736427465,5.369011728,5.333473812
C2-1-2,8,R,C2,inshore,20,control,5.508684122,5.47817276,5.246775987,5.879976224,5.935127938,5.806783267,5.436418944,5.322204968
C2-1-2,9,R,C2,inshore,20,control,5.674099634,5.625192162,5.204008626,5.892987761,5.91730035,5.930953093,5.699722921,5.469077863
C2-1-2,10,R,C2,inshore,20,control,5.475098613,5.159229578,5.014924744,5.685700512,5.674071247,5.760814163,4.987352002,4.753300107
C2-1-2,11,R,C2,inshore,20,control,5.271933815,4.697947011,4.941885,5.222634739,5.195110301,5.059066509,5.0385102,4.563447564
C2-1-2,12,R,C2,inshore,20,control,5.388003406,4.971326881,4.933825909,5.309539384,5.440965173,5.280534647,4.782264936,4.504045637
C2-1-2,13,R,C2,inshore,20,control,5.233289833,4.837812672,4.881407956,5.329798727,5.538429562,5.728973016,5.119650457,4.418876536
C2-1-2,16,R,C2,inshore,20,control,6.579359857,6.260972518,5.537885252,5.805841523,6.227279258,6.420213446,6.194322057,5.779623853
C2-1-2,17,R,C2,inshore,20,control,6.607542778,6.340165097,5.58332769,6.250339107,6.272020975,6.253695249,5.990947253,5.728639203
C2-1-2,29,R,C2,inshore,20,control,6.977370678,5.97507998,5.166175708,5.892352192,5.768108839,5.832103425,5.278678297,4.723126648
C2-1-2,30,R,C2,inshore,20,control,6.197358994,5.694035299,5.140550134,4.981739113,NA,NA,NA,NA
C2-3-4,9,R,C2,inshore,20,control,6.287901351,5.452926556,5.964786137,5.683467476,6.02013023,6.359255371,6.061845491,6.201678629
C2-3-4,10,R,C2,inshore,20,control,6.412318448,5.989281169,6.013220308,5.76710883,6.108694938,6.348173827,6.48395769,6.008693224
C2-3-4,11,R,C2,inshore,20,control,6.465590723,5.986371169,5.983291839,5.382122517,5.691476705,6.414387041,6.797347743,6.213007329
C2-3-4,52,R,C2,inshore,20,control,6.067384289,5.888899609,5.339653195,5.295919936,5.808761852,5.807718546,5.656699231,5.338028972
C2-3-4,53,R,C2,inshore,20,control,5.870571639,5.779563834,5.80125398,5.499573667,5.993468907,6.42487335,6.057280163,6.023118453
C3-1-2,1,R,C3,inshore,20,control,6.42354973,4.593984793,5.263385224,4.709790787,5.585956137,4.595487721,3.543698976,5.322889
C3-1-2,2,R,C3,inshore,20,control,6.429840024,NA,NA,NA,NA,NA,NA,NA
C3-1-2,3,R,C3,inshore,20,control,6.681789999,4.885502455,4.67113654,4.925857332,5.039950641,4.799267424,4.52454567,5.245831231
C3-1-2,4,R,C3,inshore,20,control,5.552377735,4.552252167,4.789188311,4.615316204,4.741269596,NA,4.487378227,4.312960438
C3-3-4,24,R,C3,inshore,20,control,6.650204233,5.508356743,5.255126186,5.540245622,5.682522853,5.675086519,5.335667227,5.023704542
C3-3-4,25,R,C3,inshore,20,control,6.671419804,6.076863559,6.186459968,5.895351479,6.081376623,NA,NA,NA
C3-3-4,26,R,C3,inshore,20,control,6.037901717,5.548094353,5.889732693,5.465702667,5.544075422,5.615354066,6.555999386,5.759111938
C3-3-4,27,R,C3,inshore,20,control,6.778598054,6.011713301,6.11910071,6.283708913,6.042622575,6.025196567,6.360297967,6.069339891
C3-3-4,28,R,C3,inshore,20,control,6.743957691,6.019806501,6.056159874,6.013720098,6.005352896,6.049222103,5.964169861,6.13743871
C3-3-4,29,R,C3,inshore,20,control,7.069761963,6.128133979,6.159906125,6.417021078,6.267243603,6.296767967,6.108227849,6.24922679
C3-3-4,36,A,C3,inshore,20,control,6.962565653,7.087650736,6.805437059,6.892033289,6.88572636,6.939558432,6.516324485,6.410292337
H1-1-2,18,R,H1,inshore,20,heat,5.786444477,5.596571977,4.591817927,5.217046774,5.433917536,5.604014919,4.933461119,5.711883881
H1-1-2,19,R,H1,inshore,20,heat,5.766817904,5.49258951,4.707195876,5.342343792,6.089119989,5.823444131,5.055089716,5.520044899
H1-1-2,20,R,H1,inshore,20,heat,5.64689351,5.170719599,4.72855678,5.425423154,5.694579107,5.565467491,4.517942454,4.932515803
H1-1-2,25,A,H1,inshore,20,heat,7.185834503,7.255386829,6.763618903,7.500330523,7.214645582,7.290046884,6.431650272,7.048940224
H1-1-2,34,R,H1,inshore,20,heat,6.77129142,6.683106264,5.919256544,5.87415416,7.303945178,6.094023608,5.978635266,5.613799771
H1-1-2,35,R,H1,inshore,20,heat,5.731600472,5.161238225,5.652916502,6.307029898,7.08014501,6.489554247,6.126849189,5.813238002
H1-1-2,36,R,H1,inshore,20,heat,6.475685062,6.114797566,5.932992796,6.229826683,6.714327845,6.015362266,5.941283548,5.563545707
H1-1-2,43,R,H1,inshore,20,heat,7.969125687,7.484543886,6.712756884,6.139564217,6.955463798,6.605857717,6.411882292,6.20163475
H1-3-4,26,R,H1,inshore,20,heat,6.722382284,6.279558528,5.765118159,5.850023615,5.923088794,5.695036491,5.586802079,5.314730014
H1-3-4,27,R,H1,inshore,20,heat,6.946372929,6.176832271,6.274956291,6.012287897,6.230389141,5.814149807,5.711213371,5.314082348
H1-3-4,28,R,H1,inshore,20,heat,6.945983989,6.633105593,6.449570963,6.325609258,6.770551968,6.351885186,6.089219082,5.147308365
H1-3-4,29,R,H1,inshore,20,heat,6.659218401,6.35379083,6.253328971,6.03846472,5.975535299,5.462763628,4.905918433,4.804980928
H2-1-2,46,R,H2,inshore,20,heat,6.270710449,NA,6.674343328,6.467039286,6.225859232,5.577300461,5.304975812,5.330927013
H2-3-4,1,A,H2,inshore,20,heat,8.272531144,7.888787193,7.504346143,7.50157972,7.277801156,6.433842806,6.055565688,5.940946566
H2-3-4,4,R,H2,inshore,20,heat,6.591349212,6.259048586,5.760091574,5.52429473,5.265746493,5.058422247,5.124369479,5.026369351
H2-3-4,5,R,H2,inshore,20,heat,6.265541128,6.192571935,5.662827029,5.498367598,5.377665776,4.908278872,4.828337004,4.513299325
H2-3-4,6,R,H2,inshore,20,heat,6.489727807,6.267347418,5.66944893,5.555548149,5.295015845,5.179513359,5.214872827,4.956656103
H2-3-4,7,R,H2,inshore,20,heat,6.212134258,6.257586616,5.891927601,5.936487714,6.201805946,5.727264562,5.841301984,5.531688952
H2-3-4,8,R,H2,inshore,20,heat,6.692926983,6.082795162,5.596995014,5.469667274,5.828261845,5.406849316,5.480026724,5.457755578
H2-3-4,9,R,H2,inshore,20,heat,6.38692831,5.973018389,5.480337759,5.45822236,5.326724309,4.853935934,4.892103522,4.655606869
H3-1-2,1,R,H3,inshore,20,heat,6.969474097,6.059788531,6.015860796,6.593183542,6.403052851,6.03908522,5.501154556,5.095381533
H3-1-2,2,R,H3,inshore,20,heat,6.36987904,5.835116871,5.511669898,6.068389862,5.343222813,5.409849874,5.384346387,4.564857358
H3-1-2,3,R,H3,inshore,20,heat,6.450140636,6.026496337,5.575425211,5.759281684,5.748912823,5.699790955,5.331448048,5.099176618
H3-1-2,4,R,H3,inshore,20,heat,6.491570569,5.942826909,6.245842609,6.245945182,6.504009996,6.302361378,5.927795852,5.670730669
H3-1-2,5,R,H3,inshore,20,heat,6.661525834,6.25552367,6.229274393,6.723990213,6.144957246,5.832760505,5.713467617,5.323229816
H3-1-2,13,A,H3,inshore,20,heat,7.349011195,6.577381975,6.792094777,7.076899598,7.090743728,7.091882137,6.653270781,5.933940069
H3-1-2,18,R,H3,inshore,20,heat,6.52253624,5.940429601,5.812517409,6.176475124,5.913496999,5.668084197,5.340624291,4.896426017
H3-1-2,19,R,H3,inshore,20,heat,7.016492087,6.365023248,6.634090014,6.682987209,6.416624361,6.195701691,4.274380902,5.306939595
H3-1-2,20,R,H3,inshore,20,heat,6.40853274,5.994014501,5.985412021,5.894863956,5.882326523,5.68161194,5.300284809,5.041928126
H3-1-2,21,R,H3,inshore,20,heat,6.726660522,6.036997222,5.712155523,5.715182002,5.591977429,5.506496901,4.953926638,4.56181413
H3-1-2,22,R,H3,inshore,20,heat,6.22192008,6.081735717,5.906313246,5.952096538,5.668939061,5.472446755,5.146627729,4.960190598
C1-3-4,22,R,C1,offshore,32,control,7.040493129,5.642918082,5.989624402,6.11613531,6.208157143,6.001562388,6.078864182,6.170690212
C1-3-4,23,R,C1,offshore,32,control,7.218384756,6.669497636,6.561933134,6.608205439,6.671548661,6.4623546,6.671176031,6.216364342
C1-3-4,24,R,C1,offshore,32,control,6.507484011,6.147167288,6.114361559,6.201411395,6.286881724,5.813243429,5.77258606,6.080829578
C1-3-4,25,R,C1,offshore,32,control,6.588218759,6.339042057,5.515531609,6.468991477,5.201969831,5.420826581,5.469573162,5.342967226
C1-3-4,26,R,C1,offshore,32,control,7.078086494,6.288761621,6.496858309,6.836871044,6.321865985,6.464964649,5.628685665,6.017102909
C1-3-4,27,R,C1,offshore,32,control,6.583247735,5.967429175,6.536744222,6.300591657,6.435534844,6.822818127,6.521244573,6.447428801
C1-3-4,28,R,C1,offshore,32,control,6.76895097,6.485177316,6.300134989,6.546648245,5.967985197,6.361749092,6.090119605,6.414781447
C1-3-4,31,A,C1,offshore,32,control,5.086384059,5.023880084,5.140810178,5.611664941,5.021823663,4.967982387,4.730147417,5.168673363
C2-1-2,22,R,C2,offshore,32,control,6.166870622,5.593167472,5.238446003,5.874868247,5.531657843,5.802736566,5.460879831,5.244834731
C2-1-2,23,R,C2,offshore,32,control,6.637205389,5.788892483,5.369897226,5.879596577,5.534905504,6.005781565,5.913196576,5.437470129
C2-3-4,24,A,C2,offshore,32,control,4.905124614,4.233137604,4.409474716,4.479731801,4.385931156,4.376197872,4.412176308,3.927498337
C2-3-4,28,R,C2,offshore,32,control,5.491930242,4.693278502,4.862388139,4.895593982,4.699368115,5.061195735,4.728302239,4.439930328
C2-3-4,29,R,C2,offshore,32,control,6.347312463,5.309037708,5.177581172,5.266089861,5.588101361,5.586510626,5.250304781,4.945289884
C2-3-4,30,R,C2,offshore,32,control,5.546016712,5.030690233,5.191374536,5.393066019,5.004378037,5.250561636,4.896379183,4.46575296
C2-3-4,35,R,C2,offshore,32,control,5.116177307,5.317142318,5.891974694,6.041671814,5.290482692,5.299030523,5.262594119,4.854671915
C2-3-4,36,R,C2,offshore,32,control,5.532152089,5.467536353,5.321017481,5.386758862,5.641734377,6.039906473,4.955176678,5.346293684
C2-3-4,37,R,C2,offshore,32,control,5.536665313,5.240263212,4.878052411,4.594437159,5.00630942,4.92802394,4.559636583,4.56228479
C2-3-4,38,R,C2,offshore,32,control,5.974736838,4.083253689,3.782287057,4.214262372,4.171246331,4.235420804,3.900096471,3.894349176
C3-1-2,8,R,C3,offshore,32,control,6.836375682,5.312735975,5.528409905,5.512597885,6.109340274,6.293498316,5.776319746,5.584046693
C3-1-2,9,R,C3,offshore,32,control,6.732382907,5.366343738,5.474032673,5.398160443,6.122431171,5.569405121,5.518122389,5.367236533
C3-1-2,28,R,C3,offshore,32,control,6.111064123,5.477698599,5.768870487,5.802268751,6.104053566,5.844573296,5.675890072,5.538650755
C3-1-2,29,R,C3,offshore,32,control,6.489158179,5.421546163,5.863078613,5.713587586,5.882335486,5.732173672,5.595243069,5.440659832
C3-1-2,30,R,C3,offshore,32,control,6.34816765,5.35677577,5.749864186,5.718054799,6.635889244,6.148700945,6.214959042,5.656631267
C3-1-2,37,R,C3,offshore,32,control,5.658594252,5.913574901,5.522459502,5.851631346,5.940159634,5.921375529,5.632494248,5.555806448
C3-1-2,38,R,C3,offshore,32,control,5.938018135,6.090550551,6.188323502,6.192973843,6.291156489,6.258734538,6.140846996,6.0508776
C3-1-2,39,R,C3,offshore,32,control,5.501880092,6.377196179,5.743022819,6.058803554,5.862894209,6.153207394,5.761906309,5.607856273
C3-1-2,43,R,C3,offshore,32,control,5.904458783,5.79323506,6.079219669,6.052163146,5.809976968,6.205294773,6.111510753,6.025888901
C3-1-2,44,R,C3,offshore,32,control,5.071038552,5.613558179,4.682236004,5.179545463,NA,NA,NA,NA
C3-3-4,50,A,C3,offshore,32,control,4.86178522,4.959289927,5.268512074,4.944775778,5.032825207,5.458471112,5.339251768,4.878909426
H1-1-2,13,R,H1,offshore,32,heat,5.542514214,5.911169911,5.118393294,5.882854383,5.026526169,5.276309174,4.216304905,4.818684706
H1-1-2,14,R,H1,offshore,32,heat,5.805219263,5.657806096,4.806262521,5.470755827,5.477498938,5.334147853,4.332208594,4.818862401
H1-1-2,15,R,H1,offshore,32,heat,5.546347251,5.483958285,4.607257356,5.164641178,5.049436551,4.999006208,3.98456609,4.531281622
H1-1-2,16,R,H1,offshore,32,heat,5.467166629,5.720365482,4.813528135,5.394822683,5.374281641,5.279886825,4.053025027,4.693267928
H1-1-2,17,R,H1,offshore,32,heat,6.306566404,6.427888014,5.501182162,6.245295887,6.324459559,6.108568823,5.164617159,5.582166896
H1-1-2,37,A,H1,offshore,32,heat,5.025091816,5.77927068,5.398571103,5.848106788,6.11404954,5.471322309,4.606329838,4.404020171
H1-3-4,30,R,H1,offshore,32,heat,6.016533661,5.790572666,5.629289013,5.370835657,5.350336794,5.123209144,4.587465228,4.499606432
H1-3-4,31,R,H1,offshore,32,heat,6.035047214,5.705238823,5.204443855,4.976782412,4.970841121,4.59044156,4.048438704,4.07480953
H1-3-4,32,R,H1,offshore,32,heat,6.323874185,6.206066328,5.526419583,5.360669123,5.476606275,5.225902191,4.448013111,4.355896553
H1-3-4,33,R,H1,offshore,32,heat,6.034774956,5.825283483,5.312819872,5.199045253,5.18514839,4.955972683,4.345437738,4.490287238
H1-3-4,34,R,H1,offshore,32,heat,6.658323838,6.510174533,6.069736168,5.713776053,5.796312933,5.226774399,5.020709705,4.80951459
H2-1-2,24,R,H2,offshore,32,heat,5.346468752,5.745215451,5.428859304,5.961139411,6.576337712,6.217925727,6.142718118,6.604031801
H2-1-2,25,R,H2,offshore,32,heat,5.616114619,5.875278491,5.506001912,5.79190148,6.432453341,6.005905839,5.73014099,5.691095124
H2-1-2,26,R,H2,offshore,32,heat,5.516181965,5.628881106,5.163496626,5.482190702,5.870112039,5.466273902,5.012913703,5.085610652
H2-1-2,27,R,H2,offshore,32,heat,5.208953668,5.681180896,5.122163183,5.537038811,6.279158288,6.142194161,6.128194222,6.332773888
H2-1-2,47,A,H2,offshore,32,heat,5.233990871,6.286698407,6.34684624,6.285603754,6.070328656,5.839997349,4.811069739,4.799378367
H2-3-4,13,A,H2,offshore,32,heat,5.105687037,5.465571349,5.09242623,5.202898065,5.531929654,5.091356148,4.720665221,4.435254032
H2-3-4,21,R,H2,offshore,32,heat,5.496377486,4.820039778,4.72703203,4.542453155,4.496226452,6.382180999,5.31558702,5.033632839
H2-3-4,22,R,H2,offshore,32,heat,5.853950441,5.277722493,4.535985889,4.382224357,4.365753919,4.875144887,5.44291502,4.765167852
H2-3-4,23,R,H2,offshore,32,heat,6.015305509,4.797637232,4.958583566,4.942805055,5.303012936,5.524538993,6.195605985,5.965834493
H2-3-4,24,R,H2,offshore,32,heat,6.619197022,5.939859612,5.441841481,5.094321743,5.050742052,4.960098248,4.678239776,4.280549569
H2-3-4,25,R,H2,offshore,32,heat,6.670519352,6.352966216,5.592935661,5.751446947,6.249527736,5.608295546,5.376837111,5.078408074
H2-3-4,26,R,H2,offshore,32,heat,6.216344727,6.307052927,5.610112601,5.563864813,5.574546123,5.380004953,5.205784761,4.765963749
H2-3-4,27,R,H2,offshore,32,heat,6.564515412,5.810481313,5.276479041,5.164167365,5.17223273,4.999708294,4.819066007,4.441073891
H2-3-4,28,R,H2,offshore,32,heat,6.139379895,5.902797532,5.679409958,5.531937552,5.619226734,5.131647952,4.821012386,4.41122766
H2-3-4,29,R,H2,offshore,32,heat,5.76649984,5.379446305,5.046614637,4.752260205,4.837673032,4.542523911,4.47902218,4.106120053
H2-3-4,30,R,H2,offshore,32,heat,5.941667618,5.691197158,5.572103217,5.266888206,5.537306017,5.27042386,4.930353078,4.43512001
H3-1-2,37,A,H3,offshore,32,heat,5.737818913,4.815075967,5.627575496,6.385095801,5.942985819,5.272338455,4.808268815,4.292563274
H3-1-2,46,R,H3,offshore,32,heat,6.298756583,6.174572946,5.366989104,5.923907002,6.312054925,5.441394418,5.53896502,5.34124935
H3-1-2,47,R,H3,offshore,32,heat,6.604657499,5.9981218,5.486270107,6.29922191,6.310587426,5.639705827,5.532460306,5.438920481
H3-3-4,4,R,H3,offshore,32,heat,5.66484292,5.676483976,5.287811101,5.215551982,4.352375136,4.444090927,3.885058166,3.617213899
H3-3-4,5,R,H3,offshore,32,heat,6.438989842,6.101304387,5.768422839,6.020115677,5.234839588,5.341795859,4.910945762,4.854086997
H3-3-4,6,R,H3,offshore,32,heat,6.626077628,5.683908886,5.700585297,5.830313199,5.016025797,5.030729104,4.709956187,4.772637073
H3-3-4,14,R,H3,offshore,32,heat,6.321906159,5.216850966,5.062629378,5.454613462,4.777921217,5.100853069,4.933273531,4.935841692
H3-3-4,15,R,H3,offshore,32,heat,6.138646723,4.991569436,4.646096256,4.757798285,4.182639963,4.126957268,4.067606512,4.080579393
H3-3-4,16,R,H3,offshore,32,heat,7.331268687,5.868242263,6.286137379,6.059256614,5.642005945,5.865952795,5.080208491,5.107960848
H3-3-4,17,R,H3,offshore,32,heat,6.929565462,5.652519748,6.196409626,6.440326027,6.40508141,6.172016323,5.327995165,5.290327914
H3-3-4,18,R,H3,offshore,32,heat,7.128730778,5.952361595,5.848377387,5.868433454,5.828338326,5.982996783,5.683454827,5.238783598
H3-3-4,39,R,H3,offshore,32,heat,6.086663695,5.536410485,5.46396623,5.442230461,5.509088092,5.739425297,5.132900743,5.068685719
H3-3-4,40,R,H3,offshore,32,heat,6.114384033,5.077104136,4.761987539,4.51550589,4.603106149,4.68635151,3.903979417,3.818512497
C1-1-2,1,R,C1,offshore,34,control,5.074962147,5.319880118,4.256510992,5.154140994,5.155373132,5.798941131,5.575343373,5.637277886
C1-1-2,2,R,C1,offshore,34,control,4.933209385,5.102813574,4.607549047,5.415466729,5.315185681,5.797713839,6.092441793,6.057692352
C1-1-2,3,R,C1,offshore,34,control,5.057311598,5.536717238,4.851702875,5.557532775,5.70249685,6.036865293,6.267149243,6.072787899
C1-1-2,27,R,C1,offshore,34,control,5.698283591,5.867085766,5.210036097,6.117025281,5.966511173,6.824650298,6.760571874,6.500471881
C1-1-2,28,R,C1,offshore,34,control,5.555365549,5.820611305,5.182562098,5.819630418,6.162581817,6.556964308,6.636470994,6.69900963
C1-1-2,40,A,C1,offshore,34,control,7.834951409,7.428973957,7.919254106,7.545141983,7.397843846,7.521234473,7.67735889,7.866222225
C1-3-4,6,R,C1,offshore,34,control,7.709584015,5.828889647,6.229439497,5.6223433,6.660553607,6.320976969,6.309004936,6.630889236
C1-3-4,7,R,C1,offshore,34,control,7.375593374,6.085245568,5.877585787,5.738225794,6.410865943,6.675943575,6.479334448,6.568248132
C1-3-4,8,R,C1,offshore,34,control,7.041558348,5.915662617,6.244303037,6.029438674,6.612735121,6.140606794,6.591811852,6.658028354
C2-1-2,3,R,C2,offshore,34,control,6.27041447,5.646385955,5.22957423,5.600279942,6.035494492,6.005675073,5.72970498,5.163685309
C2-1-2,4,R,C2,offshore,34,control,6.26890037,5.790664204,5.779657982,6.024656236,6.260585062,6.326145396,5.843657769,5.497662249
C2-1-2,5,R,C2,offshore,34,control,5.912949036,5.527981516,5.230319188,5.836316822,6.145638581,6.01383947,5.479505049,5.074565241
C2-3-4,6,R,C2,offshore,34,control,6.371004374,6.011023028,5.838194037,5.745018069,6.06521275,5.978105452,6.197963162,6.047767303
C2-3-4,7,R,C2,offshore,34,control,6.344713599,6.156190468,6.037212213,5.770607939,6.278095924,6.187668894,6.247799265,5.944179256
C2-3-4,8,R,C2,offshore,34,control,6.754357538,6.173401041,5.540669847,5.421582349,6.07118472,6.033986408,5.909224986,5.709377034
C2-3-4,17,R,C2,offshore,34,control,6.306853157,5.624990712,5.588899308,5.454718491,6.229929837,6.15706648,6.161067247,5.902362439
C2-3-4,18,R,C2,offshore,34,control,6.600843591,5.89204559,5.606872766,5.438445526,5.922314822,6.192716715,5.850052292,5.771545762
C2-3-4,19,R,C2,offshore,34,control,6.715072473,6.110170893,6.01055909,5.863861303,6.276300429,6.419158809,6.152508705,6.114825259
C2-3-4,25,R,C2,offshore,34,control,6.547880115,6.334653154,6.291211866,5.981694323,6.367451483,6.62623883,6.053195981,5.760704682
C2-3-4,26,R,C2,offshore,34,control,6.360563287,6.41535519,6.101222956,6.071501889,6.355046062,6.404834838,5.644373098,6.194546935
C2-3-4,27,A,C2,offshore,34,control,6.65604102,6.690389459,6.409384798,6.388433215,7.090271514,6.755345408,6.605431278,7.110987116
C3-1-2,5,R,C3,offshore,34,control,6.379450029,4.570913097,4.713540489,4.782801805,5.620157904,5.559976455,4.871747415,4.866343558
C3-1-2,6,R,C3,offshore,34,control,6.020159219,5.0534169,5.581106075,5.442902377,6.381264102,6.050373428,5.837995132,5.740014414
C3-1-2,21,R,C3,offshore,34,control,6.454291008,4.804005083,5.275152662,5.274334873,6.186123421,5.938789064,6.070979281,5.955636381
C3-1-2,22,R,C3,offshore,34,control,6.191147014,4.803360432,5.184924195,5.549312795,6.159833734,6.164899819,5.700045383,5.729145948
C3-1-2,34,R,C3,offshore,34,control,6.1185443,6.424152578,6.192084278,6.598464382,7.034499123,6.962549361,6.765862478,6.379078448
C3-1-2,35,R,C3,offshore,34,control,6.091572196,6.39903113,6.265646711,6.425430681,6.490670903,6.792599433,6.153425763,5.79457406
C3-1-2,36,R,C3,offshore,34,control,6.5623823,6.599282387,6.53935682,6.750384992,6.983301497,7.036029039,6.834939097,6.554995696
C3-3-4,11,A,C3,offshore,34,control,7.128302855,6.969192786,7.078692169,7.165290773,6.933845316,7.373015313,7.385207484,7.235441324
H1-1-2,21,R,H1,offshore,34,heat,6.568916543,6.940256522,6.11127576,6.630348756,6.834930416,6.689831757,5.822467434,6.092469961
H1-1-2,22,R,H1,offshore,34,heat,6.684049639,6.765729088,6.281836046,6.634306662,6.753693304,6.498497621,5.483840805,5.860081094
H1-1-2,23,R,H1,offshore,34,heat,6.647813236,7.053447894,6.391183535,6.616862561,6.908553701,6.679589856,5.725383954,5.982583683
H1-1-2,24,R,H1,offshore,34,heat,6.468725195,6.894178017,6.036367281,6.47012689,6.713557073,6.360442413,5.578867431,5.840214849
H1-3-4,6,A,H1,offshore,34,heat,7.426653309,7.793207562,7.06921859,7.186201294,7.313332132,6.442917825,6.088377873,6.243565762
H1-3-4,12,R,H1,offshore,34,heat,7.033059919,7.055343476,6.747408739,6.481311693,6.545006134,5.77328352,5.277831839,4.770358729
H1-3-4,13,R,H1,offshore,34,heat,6.680178558,6.606248385,5.811480505,5.700858,5.919741046,5.115630348,4.819169207,4.240038946
H1-3-4,14,R,H1,offshore,34,heat,6.99887057,6.803052265,6.318912006,6.015002883,6.164722752,5.511285478,4.985080212,4.683169892
H1-3-4,23,R,H1,offshore,34,heat,6.746849977,6.084359199,6.228159071,5.769982483,6.119016004,5.204814418,4.920160231,4.695490054
H1-3-4,24,R,H1,offshore,34,heat,6.763353671,6.363777551,5.810025283,5.500599644,6.15385174,5.315421708,4.888548738,4.796499585
H1-3-4,25,R,H1,offshore,34,heat,6.267936432,5.611307672,5.477176323,5.81762659,6.264057136,5.297211971,4.978489552,4.610157138
H1-3-4,35,R,H1,offshore,34,heat,6.308083214,5.930859135,5.516962619,5.305593728,5.795661873,5.109102123,4.628235789,4.443115568
H1-3-4,36,R,H1,offshore,34,heat,6.417725448,6.285664375,5.721344783,5.389487644,5.894948532,5.088093279,4.702867294,4.590495554
H2-1-2,38,R,H2,offshore,34,heat,6.832927661,6.525845653,6.753369512,6.670924609,6.864089915,5.976586189,5.300385995,6.037019647
H2-1-2,39,R,H2,offshore,34,heat,7.102388739,6.805930083,6.682413524,6.513462406,6.674621484,6.006038031,5.339649796,5.321334843
H2-1-2,40,R,H2,offshore,34,heat,7.382063803,7.160967898,6.374290787,7.104505791,6.958037536,6.092199901,5.351374693,5.601476477
H2-1-2,41,R,H2,offshore,34,heat,7.471973758,6.375895806,6.274802466,6.532865119,6.823792073,6.127501488,5.321582606,5.655008327
H2-3-4,19,A,H2,offshore,34,heat,7.175377765,6.687778556,6.683015432,6.953118893,6.719311006,6.220592794,5.964570251,5.638301257
H2-3-4,44,R,H2,offshore,34,heat,5.881461859,5.837072603,5.722293348,5.475628786,5.811026431,5.385634808,5.003552187,4.402162396
H2-3-4,45,R,H2,offshore,34,heat,6.590979072,6.332175293,5.864858019,5.683042223,6.078057905,5.37859749,4.986798063,4.313776068
H2-3-4,46,R,H2,offshore,34,heat,5.967571397,6.192401532,5.913519464,5.889014762,5.951757204,5.011289709,4.975196119,4.099782051
H2-3-4,47,R,H2,offshore,34,heat,6.483220842,6.121026896,5.738055254,5.531027512,5.918801025,5.29953825,4.830171816,4.322495623
H3-3-4,13,A,H3,offshore,34,heat,7.248776874,6.596535466,7.029195792,7.101816729,6.343287509,6.383832718,6.593618749,6.435998431
H3-3-4,27,R,H3,offshore,34,heat,6.410140496,5.908479047,5.858504373,6.173439867,5.851194148,5.547716062,5.556309488,5.377149418
H3-3-4,28,R,H3,offshore,34,heat,6.859515785,5.767805915,5.909537309,5.948357294,5.704592077,5.596251301,5.597475072,5.357529816
H3-3-4,29,R,H3,offshore,34,heat,6.482970284,5.90123198,5.807338769,5.911390854,5.808730646,5.72436542,5.591962532,5.293832775
H3-3-4,30,R,H3,offshore,34,heat,7.204112799,6.422042686,6.420485784,6.577452437,6.291673756,5.992491095,5.750993352,5.381340013
H3-3-4,31,R,H3,offshore,34,heat,6.248711766,5.743041397,5.879863912,6.097021849,6.026989876,5.847949059,5.573798912,5.446446618
H3-3-4,41,R,H3,offshore,34,heat,6.190756391,5.924208768,5.621670717,5.462641378,5.123991384,4.815790308,4.430277648,4.11604232
H3-3-4,42,R,H3,offshore,34,heat,6.123435571,6.12175226,5.740246384,5.700794275,5.625225442,5.256835335,5.06563753,4.544528214
H3-3-4,43,R,H3,offshore,34,heat,6.429377583,6.165090481,6.232847529,5.746326321,5.78977179,5.432469334,5.261995732,4.621613467
H3-3-4,44,R,H3,offshore,34,heat,6.321324839,6.395255834,5.626772808,5.66257646,5.450466381,5.148995291,4.724008107,4.35148186
H3-3-4,45,R,H3,offshore,34,heat,5.503216589,5.950999668,5.293794228,5.101716623,4.818494848,4.657988733,4.341879067,3.902447304
H3-3-4,46,R,H3,offshore,34,heat,5.793921844,5.960731069,5.722101353,5.516598193,5.372267232,5.28673539,5.124084499,4.393134555
H3-3-4,47,R,H3,offshore,34,heat,5.484774079,5.947099228,5.727088359,5.589778798,5.378571831,5.185390345,5.017856641,4.566261664
C1-1-2,18,A,C1,offshore,38,control,4.842397594,4.990167083,5.057161087,6.219373182,6.292855502,6.828582177,6.459308023,6.515973222
C1-1-2,36,R,C1,offshore,38,control,6.716738228,6.945473508,6.984867829,6.46752257,6.55909492,6.090656702,NA,NA
C1-1-2,37,R,C1,offshore,38,control,7.282046708,6.859546228,6.671268451,6.694602418,6.744031534,6.377328041,6.487959972,6.313381186
C1-1-2,38,R,C1,offshore,38,control,7.560144458,6.964695155,6.681737367,6.021070659,6.423738743,6.156593005,6.018983475,6.003504861
C1-1-2,39,R,C1,offshore,38,control,7.33353504,7.174137809,7.780377827,7.08037695,6.800423341,6.250002767,NA,NA
C1-3-4,15,R,C1,offshore,38,control,6.813157572,6.29738938,6.218822683,6.151175559,6.37264314,6.210010359,6.127420001,6.195617995
C1-3-4,16,R,C1,offshore,38,control,6.797623124,6.710737501,5.869258874,6.006279394,6.406547886,5.943231757,5.801243212,5.948591714
C1-3-4,21,R,C1,offshore,38,control,6.993090869,6.597585879,5.615704373,5.681575957,5.889500508,6.040119924,5.895589013,5.599321321
C2-1-2,1,R,C2,offshore,38,control,6.69274536,5.868252206,5.454145202,5.981238427,6.43281476,5.969751727,6.074568543,5.836380349
C2-1-2,19,R,C2,offshore,38,control,7.046459954,6.345279688,6.175298397,6.145832649,6.087940768,6.542537409,6.131841962,5.816488091
C2-1-2,20,R,C2,offshore,38,control,6.846942762,6.584963433,5.976055997,6.520199082,6.798383957,7.252200978,6.542085982,6.096147826
C2-1-2,21,R,C2,offshore,38,control,6.193264152,5.60219322,5.589185768,6.074631584,5.890006175,6.211595359,5.879510441,5.421872399
C2-1-2,38,R,C2,offshore,38,control,7.601853995,6.167676708,5.472955332,5.877782722,5.800741922,6.402329004,5.986890898,5.86116617
C2-1-2,39,R,C2,offshore,38,control,6.796876206,6.014130738,5.177555346,6.233736524,NA,6.521934232,5.900261919,5.548733773
C2-1-2,40,R,C2,offshore,38,control,6.673478611,6.297631189,4.875567148,5.890185886,5.863804196,6.970394936,NA,NA
C2-1-2,41,R,C2,offshore,38,control,7.380851603,6.353550264,5.106197319,NA,6.480352947,6.697258375,6.216850025,6.379567962
C2-3-4,16,A,C2,offshore,38,control,6.208021718,5.619849712,5.827712932,6.116021998,6.380725338,6.637766264,6.786714403,6.995204404
C3-1-2,14,A,C3,offshore,38,control,5.360760478,5.172858164,5.752860366,6.136123148,6.737427612,6.662693214,5.876102927,5.323646182
C3-3-4,5,R,C3,offshore,38,control,7.111576886,4.589778571,5.230045151,5.406365427,5.287039,NA,NA,NA
C3-3-4,6,R,C3,offshore,38,control,7.829341039,6.259001019,6.432288768,5.66184764,5.761675789,4.811161393,6.351223778,6.525298461
C3-3-4,7,R,C3,offshore,38,control,6.801486222,5.767946124,5.651441199,5.16735607,6.112347766,5.48830869,6.024176599,6.137609705
C3-3-4,8,R,C3,offshore,38,control,7.063775827,6.078360801,5.298703944,5.332477891,5.823176777,5.910495346,5.452502647,5.851064581
C3-3-4,9,R,C3,offshore,38,control,6.806371965,5.325895554,5.777799368,5.126676415,5.347456801,5.691075927,5.852854225,5.765524256
C3-3-4,10,R,C3,offshore,38,control,7.446228315,5.58139787,5.860969641,4.884695827,5.160145571,5.559846794,5.658700018,5.692252834
H1-1-2,38,R,H1,offshore,38,heat,7.675636918,6.768539142,4.838980326,5.681892975,5.887426957,5.192630531,5.075859039,4.791445826
H1-1-2,39,R,H1,offshore,38,heat,7.324838091,5.385906299,5.443249038,5.34939422,6.195177268,5.879208133,4.987827456,5.481245573
H1-1-2,40,R,H1,offshore,38,heat,6.689921952,6.125427863,5.415565854,5.062944259,5.609211687,5.124429913,4.729080419,4.370072377
H1-1-2,41,R,H1,offshore,38,heat,6.996116252,5.991399342,5.79622017,5.340090571,5.985943975,5.137155753,5.007408313,4.822520803
H1-3-4,19,R,H1,offshore,38,heat,6.989633754,6.324055667,5.814655534,5.918138542,6.317199819,5.625423631,4.906110678,5.196273038
H1-3-4,20,R,H1,offshore,38,heat,6.907115287,6.057980697,5.326406505,5.300296255,6.081391792,5.354618266,4.850307119,4.541251106
H1-3-4,21,R,H1,offshore,38,heat,6.238431155,5.386628014,4.831675122,5.071802686,4.866505606,4.035066952,3.834516595,NA
H1-3-4,22,R,H1,offshore,38,heat,6.094363104,5.844354468,4.954354747,5.038388767,5.659564169,5.506009018,4.889377504,5.133921963
H1-3-4,49,A,H1,offshore,38,heat,5.254923983,5.360807356,5.643507712,5.692162163,5.388689054,4.731398006,3.836900061,3.598655117
H2-1-2,43,R,H2,offshore,38,heat,6.190880085,5.854883628,5.568329551,5.105219763,5.049436552,4.711903793,4.04561338,NA
H2-1-2,44,R,H2,offshore,38,heat,5.59519863,6.353625174,6.344611868,5.681655101,5.144634657,4.497372515,NA,NA
H2-3-4,3,R,H2,offshore,38,heat,7.314087274,6.412598471,4.962195512,5.236279064,4.808392883,4.746850734,5.161071108,3.896389834
H2-3-4,10,A,H2,offshore,38,heat,6.438822567,6.320007016,6.199244003,6.423351426,6.331465441,6.024630079,5.979332918,5.258855052
H2-3-4,17,R,H2,offshore,38,heat,6.982257827,6.649867658,5.785590192,NA,NA,NA,NA,3.722431339
H2-3-4,18,R,H2,offshore,38,heat,6.109945624,5.005538015,4.102939368,3.950707076,4.286662694,4.275811911,4.523692974,3.673250632
H2-3-4,34,R,H2,offshore,38,heat,6.128667525,5.92098959,5.374194997,5.233671722,5.058220136,4.61152984,4.281254827,4.093866582
H2-3-4,35,R,H2,offshore,38,heat,5.869069849,5.778503969,5.446440341,5.30545118,5.38376104,4.879108772,4.673660061,4.037631213
H3-1-2,14,R,H3,offshore,38,heat,5.991172439,5.167989929,5.140977318,5.163152479,4.842058413,4.683044349,4.470104756,4.046148069
H3-1-2,15,R,H3,offshore,38,heat,5.929169911,5.239706582,5.086373648,5.407155796,5.303455919,5.247019872,4.882999681,4.542373272
H3-1-2,24,A,H3,offshore,38,heat,5.934556277,5.916163891,6.742923123,6.79170673,6.818050007,6.464422086,6.106450696,5.65966764
H3-1-2,38,R,H3,offshore,38,heat,6.381902065,6.021447159,5.814974472,6.053782743,6.198135045,5.913340019,4.418301355,5.525780844
H3-1-2,39,R,H3,offshore,38,heat,6.73935127,6.827824645,6.63388116,5.444146271,7.151380714,7.111021868,5.93066707,6.189811478
H3-1-2,40,R,H3,offshore,38,heat,6.735246499,6.499994754,6.202083928,6.264591219,NA,NA,NA,NA
H3-3-4,19,R,H3,offshore,38,heat,6.914525518,5.558085572,5.507111212,5.966640815,5.905699538,4.711428693,5.609531274,4.615908828
H3-3-4,20,R,H3,offshore,38,heat,6.425727347,5.25126342,5.0199103,5.138290791,4.899766116,4.781276889,4.222869769,4.115132752
H3-3-4,32,R,H3,offshore,38,heat,6.84087537,6.025276873,5.942173623,5.95652275,5.829170167,6.205660068,5.612228056,6.176600614
H3-3-4,33,R,H3,offshore,38,heat,6.748311352,5.665902369,5.462004111,5.735833546,5.343533477,5.691588376,5.325060432,5.419817292
H3-3-4,34,R,H3,offshore,38,heat,6.534926453,5.730903671,5.66105025,6.074078692,5.452504646,5.75804856,5.560433978,5.437684465
C1-1-2,8,R,C1,offshore,39,control,5.328170418,5.567295992,4.888245635,5.481078857,5.407312157,6.038365317,5.689028276,5.95390177
C1-1-2,9,R,C1,offshore,39,control,5.855596255,5.994808599,4.395688044,5.553743411,5.171666735,5.552937297,5.030526121,5.501870132
C1-1-2,10,R,C1,offshore,39,control,5.688721448,5.072136497,5.054896685,5.773912449,5.585801167,NA,NA,NA
C1-1-2,19,A,C1,offshore,39,control,4.718900869,4.356272471,4.037934866,4.839144303,4.263389627,4.533375953,4.446694641,4.357263602
C1-1-2,30,R,C1,offshore,39,control,6.991038904,5.368402497,5.770005372,5.600611103,5.58067331,5.463503938,5.48541693,5.521095062
C1-1-2,31,R,C1,offshore,39,control,6.527087005,5.876228648,5.760557813,5.08663045,5.166407374,5.301429474,5.067333141,5.149943309
C1-1-2,32,R,C1,offshore,39,control,6.172338974,5.572917568,5.347716509,5.440332041,5.405874549,5.203093436,5.049148739,5.288320007
C1-1-2,33,R,C1,offshore,39,control,6.125508386,5.568519394,4.857422244,4.486451091,4.422859224,4.408295728,4.194993561,4.389547447
C2-1-2,28,R,C2,offshore,39,control,6.587116828,5.889490381,5.595478947,5.847369486,5.729405383,5.793858024,5.714070733,5.468598265
C2-1-2,42,R,C2,offshore,39,control,7.947907366,6.483545004,5.993680695,6.744644916,6.688988157,6.499788024,6.304819643,5.884611091
C2-1-2,43,R,C2,offshore,39,control,7.92057141,6.317559153,6.275048648,7.050731204,6.675726134,6.750935442,6.641753927,6.132358566
C2-1-2,44,R,C2,offshore,39,control,7.709820002,6.043962297,5.491308206,6.045947531,NA,NA,NA,NA
C2-1-2,48,A,C2,offshore,39,control,7.864154257,6.264632628,5.526530893,6.044673234,5.009673194,4.683039852,4.610882038,4.141218587
C2-3-4,48,R,C2,offshore,39,control,5.313964813,5.074309855,5.023799841,5.062634469,4.868884102,NA,NA,NA
C2-3-4,49,R,C2,offshore,39,control,5.516193331,5.343214695,5.082898535,5.129871141,4.864687058,5.237228771,4.775730255,4.8961424
C2-3-4,50,R,C2,offshore,39,control,5.17932633,4.891459151,4.635568012,4.710623715,4.62058998,4.799832362,4.353183051,4.499583179
C3-1-2,10,R,C3,offshore,39,control,6.263620678,5.05243296,5.505080872,5.58103699,5.929987791,5.883847589,5.529159779,5.27001444
C3-1-2,11,R,C3,offshore,39,control,6.255876176,4.967067685,5.273608829,5.457944322,6.104125494,5.86477758,5.745499684,5.52921511
C3-1-2,12,R,C3,offshore,39,control,6.47184296,3.872621081,5.215697935,3.841266792,4.999706922,4.684670141,4.142186486,4.597392722
C3-1-2,13,R,C3,offshore,39,control,6.042716351,4.566061255,4.930328963,4.412337198,5.663314707,5.341451168,5.551093507,4.15199532
C3-3-4,30,A,C3,offshore,39,control,5.596512195,4.272875847,5.058968521,4.871325286,3.954397226,4.349525913,3.707874679,3.052116201
C3-3-4,51,R,C3,offshore,39,control,5.139342762,5.182142961,4.527329783,4.499589987,4.684921247,4.652425442,4.481597524,4.386861359
H1-1-2,9,R,H1,offshore,39,heat,5.825662131,4.828732818,3.552435532,4.340150889,3.882419625,3.615262303,2.84452082,3.687055051
H1-1-2,10,R,H1,offshore,39,heat,5.390754312,5.133238337,4.274419584,4.749244368,4.620271709,4.251277315,3.153288794,4.106627305
H1-1-2,11,R,H1,offshore,39,heat,5.33599156,5.037853113,4.124384657,4.858746412,4.430615094,4.181758661,3.192711818,3.912584911
H1-1-2,42,R,H1,offshore,39,heat,6.810849777,5.273962763,4.844120887,5.092220879,6.460671604,5.685025817,5.669084956,5.708562266
H1-1-2,44,R,H1,offshore,39,heat,6.79206181,6.494407644,5.841473959,5.678649501,6.422789703,6.424236505,6.200729901,5.577828867
H1-3-4,7,R,H1,offshore,39,heat,6.282338859,6.20282025,5.230185462,4.962239254,5.805575206,5.203901948,5.126522896,4.933403433
H1-3-4,8,R,H1,offshore,39,heat,6.053213311,5.637994437,4.756885531,4.679166615,5.735782496,5.110988651,5.213267042,4.885504856
H1-3-4,15,A,H1,offshore,39,heat,6.056204697,4.976535527,4.864248576,4.276968699,4.123208531,3.601934412,2.893380762,3.062528958
H2-1-2,18,R,H2,offshore,39,heat,3.923002766,4.435530651,3.989916208,4.190511024,4.173394422,NA,NA,NA
H2-1-2,19,R,H2,offshore,39,heat,4.755882564,4.909268685,4.506074567,4.798466777,5.25877151,5.103147097,5.587891204,5.785366941
H2-1-2,20,R,H2,offshore,39,heat,4.469509464,5.044627079,4.407328083,4.695106924,4.732445524,4.411588946,4.582260829,5.02923596
H2-3-4,2,R,H2,offshore,39,heat,7.419984719,6.896596653,6.231364522,6.161952522,6.10899971,5.38544028,NA,5.54309141
H2-3-4,20,A,H2,offshore,39,heat,5.28506256,4.812084939,4.460249688,3.714017449,3.550357235,3.206947415,2.580652653,2.976239888
H2-3-4,31,R,H2,offshore,39,heat,5.156753237,4.413045025,NA,4.361739001,NA,NA,NA,NA
H2-3-4,32,R,H2,offshore,39,heat,4.880993693,4.228864564,3.788295698,3.933261517,4.834704345,2.99809402,4.346630257,3.991459823
H2-3-4,33,R,H2,offshore,39,heat,4.724600557,4.135719722,3.513189514,3.943158209,3.93778523,4.043919885,4.840857817,4.677039651
H2-3-4,36,R,H2,offshore,39,heat,6.439326253,6.163588025,5.113160539,5.273068899,6.021840753,5.50289663,5.752564549,5.562900363
H3-1-2,29,R,H3,offshore,39,heat,6.052183931,6.138026735,6.00011563,6.285931903,6.275073941,6.052079458,6.045977909,6.022244574
H3-1-2,30,R,H3,offshore,39,heat,6.340997543,6.334167506,6.468506569,6.514204811,6.47687607,5.94695002,6.140789043,5.781580247
H3-1-2,31,R,H3,offshore,39,heat,6.223104695,6.259280828,6.238464634,6.344203472,NA,5.560455677,5.659440208,5.73309811
H3-1-2,32,R,H3,offshore,39,heat,5.988846356,6.057049022,6.052386269,6.022304169,NA,5.297239346,5.364007925,5.047861738
H3-1-2,33,R,H3,offshore,39,heat,6.332501621,6.413870352,6.130174524,6.089606127,6.732220962,5.701096789,5.826197421,5.635426979
H3-3-4,48,A,H3,offshore,39,heat,4.602450189,3.868427412,3.225260704,3.097732181,3.03837349,3.245627481,3.256038021,2.788771503
H3-3-4,53,R,H3,offshore,39,heat,5.095369336,4.745842533,4.437678678,4.344636261,3.765626809,3.501878895,4.15874523,NA
C1-1-2,4,R,C1,offshore,46,control,5.441373845,5.962525563,5.238547481,5.954433516,6.010690664,6.584135186,6.455767504,6.362559797
C1-1-2,5,R,C1,offshore,46,control,5.277206599,5.292054435,5.06209146,5.852717175,6.171694642,6.298073909,6.398685211,6.10600506
C1-1-2,6,R,C1,offshore,46,control,5.75524517,5.777152111,4.987065023,5.611776812,5.983835201,6.376313765,6.427706041,6.558558433
C1-1-2,7,R,C1,offshore,46,control,4.39779796,4.988135054,4.884430732,5.444132563,5.631622899,5.862317118,5.851126913,6.006597056
C1-1-2,46,R,C1,offshore,46,control,7.429170695,6.684678105,6.676460352,6.242712237,6.662928711,6.387294275,6.481544263,6.01686537
C1-1-2,47,R,C1,offshore,46,control,7.629858749,6.907803966,6.902435749,6.329853004,6.576242148,5.911795007,5.860834288,5.367369684
C1-1-2,48,R,C1,offshore,46,control,8.003642781,7.145997643,7.231525719,6.813430737,6.693540274,6.903833208,6.709675843,6.672922021
C1-3-4,39,R,C1,offshore,46,control,6.325042505,5.470838716,5.912241717,5.504680908,5.835214974,6.393739636,5.978182675,6.134911907
C1-3-4,40,R,C1,offshore,46,control,6.532455395,6.126822591,5.984412841,5.458024509,6.117569445,6.205415179,6.185101169,5.896068473
C1-3-4,41,R,C1,offshore,46,control,6.502710136,6.325342557,5.963580313,5.542740715,5.798665636,6.210250899,6.268933562,5.918454348
C1-3-4,43,A,C1,offshore,46,control,6.379147997,6.32655948,6.628409691,6.827685226,7.152062582,7.435939798,7.331494149,7.259686686
C2-1-2,18,A,C2,offshore,46,control,6.574576674,6.621400711,6.60848018,6.741245658,6.619474671,7.037335353,6.374284297,6.326323135
C2-1-2,24,R,C2,offshore,46,control,6.44075081,6.671777755,5.328822951,5.945724178,5.610430905,5.673739097,5.829540343,5.567783321
C2-1-2,25,R,C2,offshore,46,control,5.894642181,5.718959652,5.164898332,5.807739758,5.295580504,5.793187772,5.544291456,5.561530486
C2-1-2,26,R,C2,offshore,46,control,6.492471117,5.807010836,5.189448084,5.76125026,5.274401607,5.570335236,5.055038771,5.883757595
C2-1-2,31,R,C2,offshore,46,control,7.568786306,5.655387126,5.890579469,6.138971258,5.733542516,5.782588588,5.946435125,5.792138173
C2-1-2,32,R,C2,offshore,46,control,7.502926491,6.539262786,5.743970381,6.277275026,5.907843392,6.360863764,6.127303184,5.831725499
C2-1-2,33,R,C2,offshore,46,control,7.565589762,6.419614484,5.627906636,6.420930844,6.226634591,6.175958637,6.389634815,5.981081175
C2-1-2,34,R,C2,offshore,46,control,8.367756798,7.081867029,6.779346264,6.964588685,6.458352681,6.852399627,6.691357594,6.487299295
C2-1-2,35,R,C2,offshore,46,control,6.919502221,5.899071907,6.099134854,6.190920124,6.410369676,6.250250525,6.2663354,6.138085277
C2-1-2,36,R,C2,offshore,46,control,7.568565854,6.352624318,6.159156024,6.697453427,6.350052603,6.6138567,6.33667955,6.160992117
C2-1-2,37,R,C2,offshore,46,control,7.828918797,6.916887641,6.600266706,7.503489148,6.642087766,7.776611132,7.716986342,6.493487217
C3-1-2,41,A,C3,offshore,46,control,6.571654888,7.561550907,7.258574248,7.420299972,7.280182592,7.854222992,7.525051476,7.170652927
C3-3-4,1,R,C3,offshore,46,control,6.876621036,5.360251187,5.488522764,5.54509572,5.57929908,6.204601041,5.828767896,5.517795031
C3-3-4,2,R,C3,offshore,46,control,7.338345814,5.787248406,5.5313208,5.675611433,5.600320944,5.637101318,5.280343942,5.138912525
C3-3-4,3,R,C3,offshore,46,control,6.176243087,5.205145014,5.263399896,5.395441781,5.244112674,5.776242309,5.408386195,5.243775302
C3-3-4,4,R,C3,offshore,46,control,6.398918555,5.348273252,5.157487752,5.050560456,5.142212798,5.433298498,5.068752237,4.9511171
C3-3-4,15,R,C3,offshore,46,control,4.870385058,3.778232967,3.007882749,5.047851392,3.617325272,3.565893023,3.793305875,3.913347529
C3-3-4,16,R,C3,offshore,46,control,6.269468357,4.434712864,4.871459986,4.916636566,4.904433046,5.152158307,5.060681644,5.485690691
C3-3-4,17,R,C3,offshore,46,control,6.176947339,4.568614854,4.994006185,4.988951097,5.041516463,5.037125699,5.121650163,5.641339028
C3-3-4,18,R,C3,offshore,46,control,5.944456368,5.791618734,5.500651762,5.491351386,5.577092587,5.434251235,4.975292264,4.99484911
C3-3-4,19,R,C3,offshore,46,control,6.342490417,5.407394076,4.957445919,5.175395873,5.622265524,5.696750924,5.110986945,5.521428678
C3-3-4,47,R,C3,offshore,46,control,5.793982134,4.948078675,4.675858923,4.815634424,5.174539485,5.396945466,4.769228689,4.942175219
C3-3-4,48,R,C3,offshore,46,control,6.629950343,5.989078705,5.439445556,5.416244616,5.917626883,5.714609883,5.550367238,5.358818069
C3-3-4,49,R,C3,offshore,46,control,6.046918309,5.359288583,5.047317751,4.764643533,5.327887396,5.029316075,4.985621104,4.68246809
H1-1-2,4,R,H1,offshore,46,heat,5.836841825,5.709287612,5.214699006,5.839024247,5.919686522,5.900503911,4.945219465,5.372700619
H1-1-2,5,R,H1,offshore,46,heat,5.97373096,5.619781135,5.001743863,5.666525546,5.479118168,5.36869673,4.464807075,4.739575115
H1-1-2,6,R,H1,offshore,46,heat,6.289140278,6.195728466,5.363026513,5.858447301,6.045883104,5.959429914,5.054198413,5.222939694
H1-1-2,7,R,H1,offshore,46,heat,5.951620011,5.785541421,5.095906219,5.691409042,5.530657913,5.405034432,4.399844789,4.966171142
H1-1-2,8,R,H1,offshore,46,heat,5.911479587,5.718904291,4.79518246,5.567101501,5.53768606,5.621657645,4.759896974,5.157121651
H1-1-2,12,A,H1,offshore,46,heat,6.53693907,6.825490689,6.317631304,6.731324202,6.076889635,6.023734085,4.644976005,5.200905576
H1-3-4,37,R,H1,offshore,46,heat,5.98215135,5.434842297,5.239917448,5.192200854,4.96027948,4.786385051,4.178614373,3.762274726
H1-3-4,38,R,H1,offshore,46,heat,6.161491663,5.462744169,5.248815773,4.96557521,5.277056368,4.711185527,4.385788377,4.127342435
H1-3-4,39,R,H1,offshore,46,heat,6.330486168,5.994396953,5.845681921,5.591377392,5.676517883,5.42036672,4.963943951,4.785586931
H1-3-4,40,R,H1,offshore,46,heat,6.537480127,6.10822475,6.098585895,5.725623667,6.047585945,5.778768488,5.321488032,5.140795724
H1-3-4,41,R,H1,offshore,46,heat,6.28490238,5.930267053,5.914075328,5.592137881,5.857042369,5.282633653,4.88950332,4.729743733
H2-1-2,2,A,H2,offshore,46,heat,5.271686774,6.159495162,5.280602568,5.782547799,5.730072132,4.835830579,4.293635018,4.827987491
H2-1-2,3,R,H2,offshore,46,heat,4.504327954,5.050674242,4.577791543,4.922109703,5.414543058,4.985631369,4.77244299,4.82906233
H2-1-2,4,R,H2,offshore,46,heat,4.812669007,5.398925468,4.842365039,5.363610162,5.762313741,5.598323251,5.624077862,5.427481851
H2-1-2,5,R,H2,offshore,46,heat,5.229593494,5.523039406,5.044428689,5.37732219,6.114789764,5.61061271,5.566298777,5.379657563
H2-1-2,6,R,H2,offshore,46,heat,4.495964337,5.314167121,4.647568446,5.169160875,5.741829587,5.261627689,5.094360057,4.977897312
H2-1-2,7,R,H2,offshore,46,heat,4.169890981,4.772210548,4.326864332,4.710998124,5.247415011,4.670201915,5.027085931,4.879024219
H2-1-2,8,R,H2,offshore,46,heat,4.233461645,5.004748489,4.48647653,4.964117455,5.553651331,5.084232016,4.42302547,4.227309601
H2-1-2,9,R,H2,offshore,46,heat,4.376612299,5.094834877,4.577988839,4.908732934,5.315235601,5.191168122,4.809965986,4.713305814
H2-1-2,10,R,H2,offshore,46,heat,4.620485305,5.110459439,4.848382557,5.365319975,6.099117087,5.570538386,5.470785695,5.451393995
H2-1-2,28,R,H2,offshore,46,heat,6.947163031,6.485827438,6.057392262,5.715889911,5.523732872,5.148319153,4.623554837,4.763481032
H2-1-2,29,R,H2,offshore,46,heat,6.574621331,6.733905911,6.200406723,5.973099087,6.025378478,5.535214795,4.923311636,5.183358386
H3-1-2,16,R,H3,offshore,46,heat,6.347242067,5.787272004,5.811394716,6.076933709,6.466036843,6.172516346,5.515188809,5.100214896
H3-1-2,17,R,H3,offshore,46,heat,6.264488979,6.178776047,5.877225309,6.161887158,6.356584812,6.128631069,5.852514679,5.318360651
H3-1-2,26,R,H3,offshore,46,heat,6.081862704,5.803377862,6.136124954,6.276352323,6.054424104,5.850371425,5.590469982,5.156997953
H3-1-2,27,R,H3,offshore,46,heat,6.089337176,5.820631727,6.188585303,6.663586334,6.389447497,6.266109867,6.503955923,NA
H3-1-2,28,R,H3,offshore,46,heat,5.869623281,5.39954963,5.840278527,6.021529286,5.746814485,5.602646846,6.130752744,5.398415453
H3-1-2,49,R,H3,offshore,46,heat,7.359219454,6.880471963,6.712010218,6.71014722,7.135531721,6.495913372,5.936343911,5.848773328
H3-3-4,7,R,H3,offshore,46,heat,6.767042918,5.664390711,5.711375623,5.785358813,5.625289903,5.124844919,4.938151533,5.092265166
H3-3-4,8,R,H3,offshore,46,heat,6.081768391,5.453914538,5.539172632,5.373802072,4.8496576,4.879135275,4.867559299,4.949327787
H3-3-4,9,R,H3,offshore,46,heat,6.820229629,6.195827485,6.41040302,6.412013195,4.825969937,5.836248599,5.69079166,5.696967993
H3-3-4,10,R,H3,offshore,46,heat,7.050249617,6.619847606,6.357556956,6.51807537,6.659347472,6.109416897,5.84240633,5.783789497
H3-3-4,11,R,H3,offshore,46,heat,6.040659211,5.26624662,5.202726726,5.385428972,5.055359992,4.718559276,4.470577126,4.300357041
H3-3-4,12,R,H3,offshore,46,heat,6.832261584,6.080096712,5.172611103,5.833863398,5.489303707,4.994958003,4.739065569,4.414569797
H3-3-4,38,A,H3,offshore,46,heat,6.504266496,6.702983471,6.655489927,6.465303751,6.255869691,6.20150541,5.531875105,5.388356263